keyword,frequency
генерация,1058122
текст онлайн,870258
аниме бесплатно,577454
игры бесплатно без регистрации на русском,500828
нейросеть текст,422565
аниме онлайн бесплатно,374247
нейросеть для генерации,285508
генерация изображений,223902
генератор текста,167066
текст генератор,167066
генерация фото,163515
генерация текста,146216
гига чат нейросеть,142451
генератор ии,128409
генерация изображений нейросеть,121021
нейросеть бесплатно без регистрации,109960
генерация текста нейросетью,109456
оживить фото нейросеть,104651
нейросеть для генерации текста,101228
нейросеть для генерации изображений,93316
генерация видео,81694
оживить фото нейросеть бесплатно,73857
нейросеть для генерации бесплатно,72894
video ai,71278
бесплатная генерация изображений,66507
генерация изображений бесплатно,66507
гамма презентации нейросеть,66390
гамма нейросеть для презентаций,57674
бесплатная генерация фото,52269
ai generator,49205
генерация фото нейросетью,47362
нейросеть фото бесплатно без регистрации,45699
бесплатная генерация изображений нейросетью,45631
генерация изображений нейросеть бесплатно,45631
чат джипити бесплатно на русском,39648
чат gpt на русском бесплатно,36536
ии текст генератор,34117
рассказы слушать бесплатно русские,34070
генерация фото ии,33997
бесплатный ии генератор,33174
генератор да нет,30376
создать песню нейросеть бесплатно онлайн,28033
генерация видео нейросетью,27860
жизненные истории слушать онлайн,27253
озвучка текста онлайн,26483
смотреть бесплатно русское парно,26463
chat gpt нейросеть,26296
генерация текста нейросеть бесплатно,26204
алиса нейросеть фото,25644
нейросеть для генерации изображений бесплатно,25639
нейросеть для бесплатной генерации изображений,25639
бесплатные нейросети для генерации изображений,25639
сделать презентацию нейросеть,25465
gpt chat бесплатно нейросеть,23886
генератор слов,23799
презентация генерация,23188
генерация презентаций,23188
ai презентации,22895
презентация ai,22895
ии генератор фото,22339
сгенерировать текст онлайн,22253
gpt chat бесплатно нейросеть на русском,22087
нейросеть для генерации текста бесплатно,21779
бесплатные нейросети для генерации текста,21779
генерация фото бесплатно нейросеть,21133
бесплатная генерация фото нейросетью,21133
нейросеть для генерации видео,20473
бесплатный генератор фото,18931
генератор переменного тока,18883
ии генератор изображений,18599
оживление фото нейросеть,17124
оживить фото нейросеть бесплатно без регистрации,15651
ai video generator,15466
истории из жизни слушать онлайн бесплатно интересные,15392
генератор рифм,15205
генератор да или нет,15127
генерация песен,14984
ии генератор видео,14580
генератор стихов,14553
бесплатная генерация картинок,13929
генератор текста нейросеть бесплатно,13923
шедеврум нейросеть для генерации,13835
бесплатная нейросеть для генерации фото,13636
нейросеть для генерации фото бесплатно,13636
шедеврум нейросеть для генерации изображений,13250
сгенерировать текст онлайн нейросеть,13215
ии для генерации фото,12978
бесплатный генератор изображений,12951
сгенерировать фото нейросетью онлайн,12603
бесплатная генерация фото ии,12422
сгенерировать текст онлайн нейросеть бесплатно,12332
бесплатная нейросеть для создания видео,11950
сгенерировать фото нейросетью онлайн бесплатно,11799
генератор ии онлайн,11752
бесплатная нейросеть для создания презентаций,11662
бесплатная генерация видео нейросетью,11440
генерация видео бесплатно нейросеть,11440
генерация видео нейросетью бесплатно,11440
генерация картинки ии,11214
ии генерация картинок,11214
ии генератор картинок,10899
нейронка для генерации,10774
генерация фотографий,10604
написать текст нейросеть онлайн бесплатно,10132
ai online,10047
нейросеть для создания текста,9808
оживи фото с помощью нейросети,9803
оживить фото нейросеть бесплатно онлайн,9361
генерация презентаций нейросеть,9069
создать песню нейросеть бесплатно онлайн на русском,8976
ai image generator,8946
ai generator images,8946
ии генератор онлайн бесплатно,8765
ai video free,8622
генерация презентаций бесплатно,8582
бесплатная генерация презентаций,8582
генерация фото онлайн,8510
бегемот нейросеть для проектов,8498
нейросеть бегемот для проекта,8498
генерация это,8480
нейросеть фото бесплатно без регистрации на русском,8338
сгенерировать картинку онлайн,8220
создать картинку с помощью нейросети онлайн,8209
ии генератор порно,8192
создать презентацию с помощью нейросети,8172
промт для генерации фото,8083
ии генератор фото бесплатно,8038
ии генерация текста,8017
ии генератор текста бесплатно,7936
нейросеть для генерации видео бесплатно,7772
бесплатные нейросети для генерации видео,7772
нейросеть для генерации фото по фото,7743
генератор картинок бесплатно,7673
генератор картинок нейросеть,7650
оживить фотографию нейросеть,7515
бесплатный генератор песен,7459
сгенерировать фото по фото нейросеть,7434
как оживить фото с помощью нейросети,7393
ai generation,7243
генератор идей,7173
ии текст онлайн генератор,7038
генерация текста онлайн,6932
бесплатная презентация с помощью нейросети,6898
редактор текста нейросеть,6543
сгенерировать песню бесплатно нейросеть,6409
создать текст песни нейросеть,6268
генерация голоса,6200
krea ai нейросеть,6104
нейросеть для оживления фото,5907
генерация чисел,5864
ии генератор видео бесплатно,5863
генерация песни бесплатно,5738
бесплатная генерация песен,5738
генерация изображений нейросеть по фото,5650
генерация изображения по фото нейросеть,5650
ai generated porn,5628
ии генератор текста онлайн бесплатно,5609
нейросеть чат gpt,5587
гпт нейросеть,5524
фото нейросеть создать из фото,5520
нейросеть для рефератов,5466
создать видео с помощью нейросети бесплатно,5401
нейросеть для генерации презентаций,5393
генерация песен нейросеть,5265
нейросеть написать текст бесплатно без регистрации онлайн,5256
нейронка для генерации изображений,5227
бесплатная генерация картинок нейросетью,5221
google нейросеть,5149
генерация фото 18,5148
бесплатная нейросеть для создания картинок,5031
генерация видео по фото,4998
генератор фотографий,4968
designs ai,4737
чат жпти нейросеть,4639
генерировать фото нейросеть,4570
генерация логотипа,4507
бесплатно аниме 2025,4452
индивидуальный проект нейросеть,4444
сгенерировать видео нейросеть бесплатно,4424
нейросеть для генерации изображений по фото,4372
ии генератор по фото,4297
c ai онлайн без регистрации,4290
ии генератор изображений бесплатно,4278
бесплатная генерация фото нейросетью онлайн,4269
генерация фото нейросетью онлайн бесплатно,4269
генерация фоток,4137
джпт чат нейросеть,4084
ии генератор песен,4037
генератор рифм онлайн,4021
генерация изображений бесплатно без регистрации,3993
нейросеть для генерации изображений бесплатно на русском,3956
создание логотипа нейросеть,3889
умная камера яндекс онлайн,3803
создать логотип нейросеть,3794
генерация изображений по описанию,3767
генерация фото по описанию,3695
giga chat нейросеть,3673
nsfw ai generator,3615
нейросеть для генерации песен,3593
генерация слов,3572
генерация текста онлайн бесплатно,3515
генератор фото нейросеть бесплатно,3399
pixverse ai нейросеть,3393
генерация текста нейросетью онлайн,3345
генерация текста онлайн нейросеть,3345
сгенерировать изображение нейросетью онлайн бесплатно,3328
ai video generator free,3312
бесплатная генерация изображений нейросетью онлайн,3298
что такое генерация,3231
сделать песню через нейросеть бесплатно,3228
генерация случайных чисел,3208
giga chat нейросеть от сбера,3202
генерация изображений по тексту,3201
генерация изображений нейросеть бесплатно по фото,3192
генерация изображений нейросеть бесплатно без регистрации,3163
как оживить фотографию с помощью нейросети,3127
ии генератор без регистрации,3045
сгенерировать фотографию бесплатно,3007
жпт чат бесплатно на русском,2977
ии генератор 18,2972
нейросеть для генерации фото бесплатно на русском,2958
сгенерировать песню нейросеть бесплатно на русском,2951
сгенерировать картинку нейросеть бесплатно онлайн,2946
оживить фото с алисой бесплатно без регистрации,2940
фото нейросеть создать из фото бесплатно,2858
сгенерировать песню бесплатно без регистрации,2854
нейросеть чат гпт,2840
генерация открыток,2761
нейросеть для генерации изображений бесплатно без регистрации,2760
бесплатный ии генератор без регистрации,2704
нейросеть для генерации фото бесплатно без регистрации,2704
ии генератор картинок бесплатно,2680
создать песню по тексту нейросеть,2675
nsfw video generator,2653
нейросеть для генерации текста на русском,2631
sora ai video generator,2625
бесплатный генератор изображений нейросеть,2610
генератор изображений нейросеть бесплатно,2610
генератор фоток,2587
песни 2000х слушать русские популярные бесплатно,2586
текст плюс нейросеть,2586
бесплатная генерация песен нейросетью,2580
нейросеть для генерации музыки,2563
генерация фотографий нейросетью,2558
нейросеть для сочинений,2511
нейросеть генерация текста онлайн бесплатно,2507
лучшие нейросети для генерации изображений,2472
генерация музыки бесплатно,2451
ai photo generator,2442
нейросеть для генерации текста бесплатно на русском,2429
кандинский нейросеть для генерации изображений,2429
нейросети для генерации текста на русском бесплатно,2429
гига чат нейросеть официальный сайт бесплатно,2420
ai music generator,2419
оживление фотографий нейросеть,2414
яндекс нейросеть фото,2387
slidy ai презентация,2381
чат гпт генерация фото,2342
генератор музыки ии,2332
сгенерировать видео нейросеть бесплатно онлайн,2318
бесплатная нейросеть для генерации картинок,2298
нейросеть генерирует текст,2268
генерировать текст нейросеть,2268
генерация фотографий бесплатно,2267
готовые промты для генерации,2256
нейросеть для генерации 18,2250
генерация куар,2242
нейросеть для генерации изображений по фото бесплатно,2231
бесплатные нейросети для генерации изображений по фото,2231
алиса генерация текста,2225
генерация ников,2211
ai генерация изображений,2190
ооо генерация,2180
генератор рассказов,2109
генератор презентаций нейросеть,2101
нейросеть для генерации презентаций бесплатно,2095
бесплатная нейросеть для генерации презентаций,2095
nsfw ai video generator,2081
ai generated porno,2050
стихи нейросеть сгенерировать,2018
генерация видео по тексту,2013
генератор рандомных слов,2000
генератор картинок нейросеть бесплатно,1882
бесплатный генератор картинок нейросеть,1882
очеловечивание текста нейросети,1870
logo ai,1869
истов все песни слушать бесплатно,1860
написать сочинение нейросеть,1853
yandex нейросеть,1839
генерация песни по тексту,1821
сгенерировать текст с помощью нейросети,1817
генератор фото ии онлайн,1809
некто ми голосовой чат онлайн,1803
сгенерировать логотип бесплатно,1787
нейросеть для генерации текста онлайн,1771
приложение для генерации кодов,1703
нейросеть для индивидуального проекта,1696
генератор ии порно бесплатно,1695
извлечь музыку из видео онлайн,1693
нейросеть для чертежей,1683
промты для генерации изображений в нейросетях,1662
нейросеть для генерации песен бесплатно,1660
нейросеть для генерации видео из фото,1653
генерация фото по промту,1650
создать промт для нейросети,1641
бесплатная нейросеть для создания фото из фото,1633
генерация голоса нейросетью,1622
японские имена генератор,1618
алиса генерация фото,1611
ии генератор по фото бесплатно,1603
ии генератор порно видео,1591
нейронка для генерации фото,1577
kandinsky нейросеть для генерации изображений,1564
генератор сообщений,1557
генератор фото ии онлайн бесплатно,1539
нейронка для генерации видео,1537
нейронки для генерации видео,1537
нейросеть для генерации фотографий,1525
песни 2025г популярные русские слушать бесплатно,1523
ии генератор стихов,1507
генерация картинок по фото,1504
ии генератор песен бесплатно,1500
синоним орг генератор текста,1497
ai story generator,1485
улучшение фото с помощью нейросети онлайн,1479
ai art generator,1479
чат gpt бесплатный нейросеть,1466
оживление фото нейросеть бесплатно без регистрации,1451
нейросеть для генерации текста бесплатно онлайн,1419
песни 70х русские слушать бесплатно,1416
лучшие ии генераторы,1403
магическая битва аниме смотреть онлайн бесплатно,1398
бесплатный генератор видео нейросеть,1384
генератор надписей,1378
чат джпити на русском бесплатно,1372
ии генератор презентаций,1368
генерация картинок по тексту,1363
скачать генератор ии,1355
генератор стихов нейросеть,1354
генерация логотипа нейросетью,1348
генератор фотографий бесплатно,1340
генератор промтов для ии,1329
создать видеоролик онлайн бесплатно,1317
написать песню с ии бесплатный,1309
image to video ai generator,1301
сгенерировать песню бесплатно нейросеть без регистрации,1294
ии генератор аниме,1282
генерация фоток ии,1262
ии фотки генерация,1261
чат жпти на русском бесплатно,1251
онлайн ии генератор без регистрации,1248
генерировать видео нейросеть бесплатно,1234
нейросеть для написания реферата,1226
бесплатная нейронка для генерации изображений,1211
бесплатные нейронки для генерации изображений,1211
ai porn video generator,1208
синоним нейросеть для генерации,1194
ai generated xxx,1190
бро хит нейросеть,1188
топ нейросетей для генерации изображений,1186
ai video maker,1165
лучшие нейросети для генерации видео,1160
slidy ai нейросеть для презентаций,1159
tome нейросеть для презентаций,1159
slidepoint нейросеть для презентаций,1158
генератор заголовков,1148
написать рассказ нейросеть,1140
бесплатные ии генераторы на русском,1103
генератор nsfw с ии,1101
free ai porn generator,1098
ии генератор видео 18,1089
ии генератор тг,1086
нейросеть для оживления фотографий,1086
сгенерировать песню нейросеть бесплатно на русском онлайн,1082
генератор музыки по тексту,1081
синоним нейросеть для генерации текста,1077
ии генератор изображений по фото,1067
ии генератор видео из фото,1060
ai generator 18,1055
ии генератор изображений онлайн,1037
генератор фотографий нейросеть,1036
генерация видео нейросетью онлайн бесплатно,1034
генератор nsfw видео с ии,1032
гигачат русскоязычная нейросеть от сбера,1017
нииар генерация,1013
сгенерировать картинку бесплатно без регистрации нейросетью онлайн,1007
нейросеть для генерации текста песен,1000
prezo нейросеть для презентаций,995
заменить лицо на фото онлайн бесплатно нейросеть,988
нейросеть для генерации музыки бесплатно,984
бесплатная нейросеть для генерации музыки,984
нейросеть для генерации голоса,978
нейросеть для генерации изображений по тексту,958
сгенерировать текст онлайн нейросеть бесплатно без регистрации,953
чат джпт бесплатная нейросеть,946
генератор музыки ии бесплатно,943
бесплатное ии генераторы 18,940
ии генератор по описанию,938
ии генератор фото 18,938
ии генератор лиц,935
создать логотип с помощью нейросети,934
сгенерировать текст с помощью нейросети бесплатно,932
ai generated porn video,930
ии генератор без цензуры,930
pika нейросеть для создания видео бесплатно,929
нейросеть для генерации изображений по описанию,928
анекдоты самые смешные слушать онлайн бесплатно,918
генерация изображений нейросеть бесплатно по тексту,911
ии порно генератор по фото,907
нейросеть гига чад,905
примеры промтов для генерации изображений,903
чат гпт генерация картинок,901
чат гпт картинки генерация,901
алиса нейросеть для генерации текста,900
jpt чат на русском бесплатно,900
чат гпт нейросеть бесплатно,892
nsfw ai image generator,885
генерация картинки по описанию нейросеть,884
ии генератор изображений аниме,881
сгенерировать логотип нейросеть,877
генерация голоса из текста,863
chat gpt генерация изображений,855
ai porn gif,847
image to video ai generator free,846
нейросеть для генерации стихов,839
эн генерация,838
ии генератор голоса,827
ии генератор фоток,823
ии генератор языков,822
ии генератор изображений онлайн бесплатно,815
ai картинки генерация,812
perchance ai image generator,808
бесплатная нейросеть для генерации видео из фото,806
нейросеть для генерации кода,805
генерация изображений по фото и описанию,805
ai song generator,801
ai для генерации видео,801
нейросеть для создания реферата,794
бесплатный ии генератор nsfw,787
написать эссе нейросеть,784
чат джипити генерация фото,784
ии генератор текста бесплатно без регистрации,781
нейросеть для генерации проекта,780
ии генератор фотографий,779
живое фото нейросеть бесплатно,778
описание для генерации фото нейросетью,772
room design ai,768
сгенерировать музыку онлайн,767
генерация реферата,766
ии генератор картинок онлайн,765
генератор на основе ии,764
ии генератор фото без регистрации,756
ии генератор видео онлайн,755
ai text generator,755
ai voice generator,743
топ бесплатных нейросетей для генерации изображений,740
ии текст генератор картинок,739
оживление фотографий нейросеть онлайн бесплатно,725
ии генератор фото бесплатно без регистрации,705
ии текст генератор бесплатно онлайн без регистрации,696
бесплатная нейросеть для создания изображений по описанию,695
текст плюс нейросеть для текста,689
генерация изображений с помощью нейросетей,687
ии генератор видео по фото,684
оживить фотографию бесплатно без регистрации нейросеть,679
ии для генерации музыки,675
ии генератор без ограничений,673
ии генератор на фото,671
нейросеть для написания сочинений,669
генерация картинок чат gpt,666
как сгенерировать картинку с помощью нейросети,663
лучшие бесплатные нейросети для генерации изображений,662
готовые промты для генерации изображений в нейросетях,660
анимировать картинку нейросеть,658
чат gpt бесплатный генерация изображений,651
сайт для генерации фото,650
растербатор онлайн бесплатно на русском в хорошем,650
генератор с помощью ии,649
нейросеть для генерации изображений тг,648
ии текст песни генератор,644
генерация песен нейросеть на русском бесплатно,642
yolly ai music generator,638
гига чат нейросеть для генерации текста,637
сгенерировать логотип нейросеть бесплатно,634
ai generation bbot,631
генератор nsfw видео с ии бесплатно,630
video nsfw generator ai free,627
ии для генерации фотографий,627
ии нейросеть генератор,626
создать логотип с помощью нейросети онлайн,626
нейронка для генерации картинок,603
ai video generator бесплатно,602
генерация изображения по описанию нейросеть бесплатно,599
чат гпт для генерации изображений,597
генерация открыток нейросеть,592
генерация изображений нейросеть бесплатно по фото онлайн,592
сгенерировать текст с помощью нейросети онлайн,591
ии генератор изображений nsfw,589
сгенерировать презентацию онлайн бесплатно на русском,589
генерация музыки по тексту,586
решать судоку бесплатно и без регистрации сейчас,579
ии генератор изображений русский,576
генерация фото по запросу,575
написать песню нейросеть бесплатно без регистрации онлайн,574
генерация фото яндекс,572
ии фанфик генератор,570
генератор ии историй,570
лучшие генераторы видео ии,568
бесплатная нейросеть для генерации изображений по тексту,568
ии генератор изображение на русском,567
ии генератор картинок онлайн бесплатно,563
генератор логотипов ии,563
ии генератор изображений бесплатно на русском,558
ии генератор изображений бесплатно по фото,557
генератор фотографий нейросеть онлайн,556
алиса генерация текстов придумано искусственным интеллектом,554
генерация картинок 18,552
нейросеть для генерации видео по тексту,548
ии стихи генератор бесплатно,542
suno нейросеть для создания музыки,538
приложения для генерации фото нейросетью,537
мертвый аккаунт аниме смотреть онлайн бесплатно,537
нейросеть для создания чертежей,535
генерация фоток нейросетью,535
генерация логотипа онлайн бесплатно,530
video face swap ai free,521
ии генератор изображений бесплатно на русском языке,520
нейросеть для генерации фото по тексту,519
сделать песню через нейросеть бесплатно создать онлайн,514
генератор текса,512
сайты для генерации изображений,512
ai 3d model generator,510
генератор nsfw видео ии из изображений,509
ии генератор хентая,500
pika ai video generator,499
ai video generator 18,497
нейросеть для генерации презентаций в powerpoint,496
ai генератор картинок,493
ии генератор изображений по тексту,490
создать лого онлайн,486
ии генератор видео 18 бесплатно,486
бесплатный генератор ии порно видео,484
ии арт генератор,483
создать клип с помощью нейросети онлайн бесплатно,482
очеловечить текст нейросети бесплатно,482
ии генератор фото в видео,477
нейросеть для генерации рассказов,476
генерация чисел онлайн,476
ии генератор видео из фото бесплатно,474
гачиакута смотреть аниме бесплатно аниме го,473
бесплатные нейронки для генерации видео,473
нейросеть для генерации изображений 18,472
ai generated porno video,472
ии генератор презентаций бесплатно,471
написать стихи нейросетью онлайн бесплатно без регистрации,466
udio нейросеть для создания музыки,464
ai для генерации фото,464
нейронка для генерации текста,462
ии генератор скачать бесплатно,461
нейросеть для генерации фотографий бесплатно,461
ии генератор видео без регистрации,459
нейросеть для генерации песни бесплатно без регистрации,458
hailuo ai video generator,454
написать песню с помощью нейросети онлайн,451
ии генератор изображений без регистрации,449
топ 9 бесплатных нейросетей для генерации изображений,449
генерация песни по тексту нейросеть бесплатно,445
ai video porno generator,437
генератор моделей ии,428
ии генератор по фото онлайн,427
скачать ии генератор видео,426
нейросеть для генерации песен по тексту,426
нейросеть для генерации звуков,424
яндекс ии генератор,424
нейросеть для генерации карточек для маркетплейсов,423
ии генератор картинок по описанию,420
ии генератор сайтов,417
генерация проекта нейросетью бесплатно,416
ии генератор изображений фэнтези,416
генерация лого,415
ии музыка онлайн генератор,414
генерация видео по промту,414
ультра текст нейросеть,412
секс генератор ии,410
ии генератор картинок по тексту бесплатно,408
бесплатный видео генератор ии без регистрации,407
создать ролик с помощью нейросети бесплатно,406
ии генератор видео онлайн бесплатно,403
текст для создания фото в нейросети,401
генерация картинок по промту,401
бесплатный онлайн ии генератор фото по фото,395
ии генератор видео по тексту,394
суно нейросеть для создания музыки,391
ии фотки генерация бесплатно,390
лучшая нейронка для генерации изображений,387
нейросеть для генерации картинок по описанию,380
сгенерировать логотип нейросеть бесплатно онлайн,377
лучшие генераторы изображений ии,374
нейросеть для создания музыки по тексту,374
придумать логотип с помощью нейросети,372
ии генератор фото по тексту,368
ии генератор названий,368
акулы нейронных сетей генерация изображений,367
генерация изображений по фото и описанию бесплатно,366
ии чат генератор,364
бесплатный ai генератор изображений,363
ии генератор алиса,363
генератор ии сора,362
миджорни нейросеть для генерации изображений,362
ии генератор изображений бесплатно без регистрации,361
ии генератор для фото,359
ии нейросеть фото генератор,359
создание логотипа с помощью нейросети бесплатно,357
vizard ai нейросеть,356
создать видеоролик с помощью нейросети бесплатно,353
приложение генератор ии,352
ии генератор фото тг,352
ии генератор фото по описанию,352
генерация слов в заданном алфавите,350
aiva нейросеть для создания музыки,347
ии генератор картинок без регистрации,345
генерация подписи по фамилии и имени,342
песни 00х русские слушать бесплатно,342
лучшие бесплатные генераторы ии,341
ai free story generator,340
нейросеть для генерации реферата,339
суно аи нейросеть создать песню,338
ai baby generator,336
создать логотип через нейросеть бесплатно онлайн,335
ии генератор музыки онлайн бесплатно,334
генерация фото с помощью нейросети,331
ии генератор игр,330
генерация картинки по описанию нейросеть бесплатно,328
алиса нейросеть для генерации фото,326
нейросеть для генерации фото в видео,322
нейросеть для написания эссе,321
нейросеть для генерации 3д моделей по фото,319
ии бот генератор,317
ии генератор на основе фото,317
бесплатный чат гпт для генерации фото,316
ии генератор обоев,316
написать эссе нейросеть онлайн бесплатно,315
ии для генератора видео,315
скачать ии генератор фото,314
нейронка для генерации презентаций,312
сгенерировать песню из слов онлайн бесплатно,309
реинкарнация безработного смотреть аниме бесплатно все сезоны,308
ии генератор фотографий бесплатно,307
ии картинок генератор бесплатно без регистрации,305
генерация музыки нейронная сеть,305
бесплатная нейросеть для генерации видео по тексту,300
нейросеть для генерации видео по описанию,299
китайская нейросеть для генерации видео,290
бесплатные генераторы фото ии 18,288
бесплатный ии генератор видео по фото,285
суно создать песню на русском бесплатно,284
бесплатные ии генераторы по описанию,283
чат джипити фотография генерация,283
лучшие бесплатные нейросети для генерации видео,282
ai для генерации картинок,282
face swap video ai online free,280
генератор пар ии,279
нейронка для генерации изображений по фото,278
генератор рандомных цифр,277
нейросеть для сочинений по литературе,276
ии генератор фото бесплатно без регистрации онлайн,276
как сгенерировать песню нейросетью на русском бесплатно,276
ии генератор персонажей,274
бесплатный ии генератор без цензуры,274
фотокит фоторедактор онлайн,273
ии генератор писем,273
nswf ai generator,273
ии генератор изображений порно,273
промпты для генерации изображений в нейросетях,271
нейросеть для генерации музыки по тексту,269
ии генератор изображений по фото онлайн,269
ии генератор фото без цензуры,268
ии генератор видео без цензуры,267
составить песню нейросеть бесплатно,261
ии генератор поздравлений,259
генератор фото пар ии,258
ai music generator free,257
ии генератор изображений по фото онлайн бесплатно,257
3д генератор ии,254
генерация фотографий нейросетью онлайн бесплатно,254
нейросеть для генерации фоток,254
порно генератор ии онлайн,253
нейросеть для генерации картинок бесплатно без регистрации,253
ии генератор картинок по фото,252
генеративные нейросети это,252
генерация фио,250
бесплатный генератор историй на основе искусственного интеллекта,250
бесплатный генератор нейросети ии,249
ии генератор девушек,246
генератор пар на основе ии,245
ии генератор это,245
генератор фото пар на основе ии,245
генератор ответа ии,242
бесплатно сгенерировать песню с помощью нейросети,241
ии генератор телеграм,241
яндекс жпт нейросеть,240
взлом генератора ии,238
ии генератор видео по тексту бесплатно,237
нейро для генерации текста,235
ии генератор изображений 18,234
генератор открыток ии,234
шедеврум нейросеть для генерации видео,233
генератор песен ии без регистрации,232
ии генератор песен бесплатно без регистрации,232
порно генератор ии nsfw,231
создать переписку онлайн,229
ai game generator,227
mureka ai music generator,225
ии генератор фото nsfw,223
twin ai photo generator,223
ai sound generator,222
нейросеть которая генерирует картинки по описанию,222
ии генератор слов,218
ai presentation generator,216
free ai song generator,215
ai video generator 18 free,214
онлайн генератор nsfw видео с ии,213
генератор рассказов ии,213
ии генератор аватарок,213
ии генератор текстов на русском,212
нейросеть для генерации ответов на вопросы,211
песню онлайн генератор ии,211
генератор шаблонов ии,211
ии генератор имен,210
алиса аи нейросеть оживить фото бесплатно,208
бесплатные ai для генерации видео,207
нейросеть для генерации голоса из текста,206
leonardo ai image generator,205
sora ai video generator бесплатно,205
порно генератор ии без регистрации,204
nsfw ai video generator from images,204
ии генератор телеграмм,204
промт для создания картинки в нейросети,203
бесплатный ии генератор изображений по тексту,202
генератор порно видео по фото ии,202
playground ai image generator,201
фото нейросети бесплатно портрет по фотографии,200
нейросеть для пересказа текста,199
бесплатные ai для генерации изображений,197
бот для генерации фото в телеграм бесплатно,197
suno ai music generator,197
ии генератор порно картинок,196
сгенерировать проект в нейросети бесплатно,196
ии генератор по запросу,196
ии генераторы на андроид,195
сделать клип на песню нейросеть бесплатно,194
чат джпт генерация изображений,193
ии генератор 3д моделей,192
лучший генератор фото ии,190
синоним орг генерация текста,190
десси генератор ии,189
ии генератор видео без ограничений,188
neuro sphere оживить фото бесплатно,188
нейросеть для генерации сочинений,186
ии генератор идей,185
pika labs ai video generator,185
промт для создания логотипа в нейросети,184
расскажи снегурочка где была нейросеть слушать,184
топ генераторов ии,183
генератор фото с помощью ии,182
как писать промты для нейросети генерации картинок,181
бесплатный ии порно генератор по фото,181
ии нейросеть генератор фото бесплатно,181
ии генератор фоток бесплатно,180
ии генератор видео тг,180
нейросеть для генерации хентая,178
ии генератор танцев,178
порно ии генератор фото в видео,178
perchance ai story generator,176
генерация кюаркода,175
буквы разные писать песня слушать бесплатно,173
ии генератор картинок 18,171
ии генератор кода,170
ии люди генератор,170
ai influencer generator,169
ии генератор песен по тексту,169
лучшие ии порно генераторы,169
power text нейросеть,168
лучшие бесплатные ии генераторы видео,168
ии генератор изображений тг,167
яндекс ии генератор картинок,165
fotor ai video generator,165
генератор nsfw видео ии 18,164
ии генератор скачать взлом,163
sora ai video generator free,163
ии генератор музыки по тексту,163
ии генератор фотосессий,163
нейросеть для генерации музыки бесплатно без регистрации,162
нейросеть для генерации видео со звуком,162
генератор песен ии онлайн бесплатно,162
ии генератор фото по описанию бесплатно,161
генератор логотипа ии бесплатно,160
3d генератор ии,159
ai photo to video generator free,159
ии порно генератор скачать,158
онлайн ии генератор картинок без регистрации,158
генерация открыток нейросеть онлайн,158
генератор картинок ии онлайн бесплатно без регистрации,158
ии генератор порно чатов,158
алиса аи генерация фото,157
генератор голоса ии бесплатно,157
ии генератор видео бесплатно без ограничений,157
нейросеть для генерации видео под музыку,155
ии генератор сообщений,154
ии генератор рисунков,153
pippit ai video generator,152
бесплатный генератор ии фото в видео,152
begemot ai нейросеть для проектов,151
ии генератор на основе изображения,151
ии генератор фото видео онлайн,151
генератор презентаций ии на русском,151
создать клип по песне нейросеть бесплатно,150
генератор ии видео сора,149
генератор звуков ии,149
группа квадро слушать бесплатно видео концерт,148
ии генератор секс видео,148
ии генератор презентаций на русском бесплатно,148
генератор nsfw фото видео с ии,147
генератор карточек ии,147
бесплатный онлайн ии генератор порно,145
ии текстовый генератор,144
идеи для генерации фото в нейросети,143
ии генератор изображений без цензуры,143
free nsfw porn ai generator,141
ии генератор по фото 18,139
ии генератор видео на русском,139
бесплатные ии видео генераторы скачать,139
ии генератор для взрослых,139
генератор музыки с помощью ии,138
ии генератор фона,137
генератор текста с помощью ии,136
ии генератор детей,136
ии генератор изображений без ограничений,136
ии генератор проектов,136
генератор ии 18 тг,136
ии генератор голых,135
генерация картинки по запросу нейросеть бесплатно,135
реалистичный ии генератор,134
ии музыка генератор песен,134
ии генератор фото по тексту бесплатно,133
ии дизайн генератор,133
бесплатный ии генератор в тг,132
генератор ии порно бесплатно без регистрации,131
ии генератор порно рассказов,131
генератор надписей красивым шрифтом,130
ии порно генератор тг,130
генератор ии фигурок,128
нейросеть для генерации фф,127
тест на нейросеть в тексте,127
генератор фото ии бесплатно скачать,126
ии генератор видео бесплатно на русском,126
ии генератор карты,125
сгенерировать презентацию по тексту нейросеть бесплатно,125
ии генератор поста,124
ии генератор для видео бесплатно,124
luma ai video generator,124
ии генератор схем,122
ии генератор видео из фото онлайн бесплатно,121
ии генератор фото без ограничений,119
нейросеть для создания лого,118
ии генератор sora,118
как оживить фотографию с помощью нейросети алиса,117
секс ии генератор бесплатный,117
сочинить сообщение ии генератор,116
генератор текта,116
бесплатные нейросети как chat gpt,116
ии генератор текста для песен,115
бесплатное приложение генератор ии,114
генерация кадров в играх что это,113
генератор фото ии мейджик,113
текст для генерации фото нейросетью примеры,112
ai photo enhancer online,112
сгенерировать аудио из текста нейросеть,111
ии генератор эротические,110
ии генератор одежды,110
ии генератор картинок без ограничений,110
ии генератор аудио,110
создатель фигурок из фото генератор ии,110
ии аватарка бесплатно генератор,109
сгенерировать голосовое сообщение с помощью нейросети,109
ии генератор текста 18,108
посмотреть аниме бесплатно и без регистрации 2025,108
ии генератор презентации powerpoint,108
google veo3 ai,107
лучший генератор nsfw видео ии из изображений,106
генератор песен из ваших стихов,106
нейросеть для генерации индивидуального проекта бесплатно,105
ии генератор видео sora,105
ии генераторы контента,104
ии генератор 3d моделей,104
ии генератор причесок,103
ии генератор тг бот,102
взломанные ии генераторы,102
ии генератор цветов,102
создать музыку ии генератор,102
ии генератор изображений по фото и тексту,101
ии генератор книги,101
музыкальный ии генератор,101
нейросеть для генерации изображений songly,100
генератор минета ии,100
генератор фурри ии,100
скин генератор ии,100
сбер ии генератор картинок,99
ии онлайн без регистрации генератор изображений,99
нейросеть для генерации песен онлайн бесплатно,99
grok ai video generator,99
взломы ии генераторов видео,98
бесплатный генератор песен на свои стихи,98
лучшие ии генераторы порно видео,97
lami ai music generator,97
ии генератор фото без цензуры бесплатно,96
ии генератор описания изображения,95
ии генератор заголовков,95
генератор фильма ии,95
ии генератор картинок нано банано,94
ии бот генератор фото,94
генератор ии картинок по описанию бесплатно,94
скачать ии генератор 18,93
ии генератор пушкин,92
ии генератор песен по тексту бесплатно,92
раздеть ии генератор,92
ии генератор треков,92
ии генератор видео 18 из фото бесплатно,91
порно аниме ии генератор,91
сгенерировать надпись красивым шрифтом онлайн,91
генератор порно nsfw видео с ии,91
ai 18 gifs,90
генератор ии на андроид бесплатный,89
генератор изображений с помощью ии,89
генератор ника ии,89
генератор ников ии,89
лучшие ии генераторы картинок,88
генератор лого ии,88
генератор видео ии бесплатно без цензуры,87
генератор фотосессии ии бесплатно,87
генератор фото ии телеграм,87
capcut ai video generator,86
генератор видео ии бесплатно тг,86
нейрохолст нейросеть для генерации картинок,86
ии генератор картинок по фото бесплатно,86
ии генератор чисел,86
генератор ии 18 без регистрации,86
нейросеть для генерации изображений promli,85
ии генератор скинов майнкрафт,85
yandex speechkit нейросеть,85
ии генератор поцелуев,84
ии генератор комиксов,84
создать генератор для ии,84
ai video nsfw generator free 18,84
ии генератор логотипов онлайн,83
сгенерировать клип на песню через нейросеть бесплатно,83
ии генератор порно историй,83
ии генератор теста,82
генератор фото через ии,82
генератор тестов ии,82
создать песню ии генератор,81
ии генератор рефератов,81
ии генератор сценариев,81
ии генератор изображений скачать,81
ии генератор раздевания,81
вырезать голос из песни нейросеть,80
самый лучший ии генератор,80
ии генератор открыток бесплатно,80
ии генератор хентая бесплатно,80
ии генератор картинок без цензуры,80
ии генератор оживить фото,80
генератор видео на основе ии,78
ии генератор интерьера,78
редактирование фото с помощью ии генератора бесплатно,78
ии генератор фото телеграмм,77
онлайн игры яндекс д2,76
ии генератор без ограничений 18,76
ии 18 порно генератор,76
ии генератор аниме артов,76
gpg chat нейросеть,75
лучший генератор видео ии порно онлайн,75
гугл ии генератор,75
hailou ai video generator,74
ии генератор редактор фото,73
ии генератор обложек,73
ххх ии генератор,73
генератор музыки из текста с помощью ии,73
ии фото генератор приложение,72
ии генератор текса,72
ии генератор фото на андроид,72
ии генератор для создания фото,71
посмотреть аниме бесплатно и без регистрации 2026,70
ии генератор изображений тг бесплатно,70
ии нейросеть генератор видео,70
ии генератор логотипов онлайн бесплатно,70
ии генератор видео бесплатно на русском языке,70
ии генератор фото по запросу,70
ии генератор видео бесплатный онлайн без регистрации,69
animedia site аниме смотреть онлайн бесплатно,69
ии генератор изображений по словам,69
бесплатный ии музыкальный генератор,69
чат ии генератор фото,68
ии генератор тату,68
лучший бесплатный онлайн ии генератор порно видео,68
ai generated foto video,68
magvi ai программа для создания инфографики,68
бесплатный генератор музыки с помощью ии,67
русский ии генератор песен,67
генератор видео ии на андроид,67
ии генератор изображений алиса,67
ии генератор рэпа,67
онлайн секвенсор для создания музыки,67
генератор картин ии,67
секс ии генератор видео бесплатно,66
ии генератор создать музыку бесплатно,66
бесплатный без регистрации ии генератор 18,66
генератор музыки ии скачать,66
runway ai video generator,65
ии генератор отзыва,65
nsfw бесплатный генератор порно ии,65
ии генератор вк,64
игры на яндексе онлайн бг,64
генератор клипа ии,64
хеад до мастер генератор ии,64
генератор сцен ии,63
бесплатный ai video face swap,63
лучшие бесплатные генераторы изображений ии,63
генератор музыки на основе ии,62
ии генератор изображений по тексту онлайн,62
генератор спермы ии,62
ии генератор аниме картинок,62
ии генератор заданий,62
ии генератор карточек для маркетплейсов,62
ии текст генератор алиса,62
ии генератор изображений по тексту онлайн бесплатно,62
генератор видео ии мод,62
генератор видео с помощью ии,62
генератор картинок ии тг,62
скачать бесплатный ии генератор песен,62
мультяшный ии генератор,62
ии генератор референсов,61
сгенерировать статью онлайн нейросеть бесплатно,61
ии генератор таблиц,61
ии видео генератор взлом скачать,60
генератор каверов ии,60
ии нейросеть генератор текста,59
ии генератор песен на русском,59
старый ии генератор,59
ии генератор написания,59
ии генератор эротики,59
генератор по фото ии 18 бесплатно,59
генератор портретов ии,58
генератор текста на основе ии,58
ии генератор фото по фото тг,58
ии генератор графиков,58
ии генератор лица порно,58
ии генератор фф,58
ии аниме фото генератор,58
ии генератор сайтов бесплатно,58
алиса ии генератор фото,57
генератор ии для взрослых бесплатно,57
ии генератор фото по описанию бесплатно онлайн,57
ии генератор банана,56
ии генератор фото в тг бесплатно,56
ии генератор объявлений,56
ии генератор мультфильмов,56
ии генератор фото яндекс,56
ии генератор мелодий,55
ии генератор роликов,55
ии вокал генератор,55
ии генератор изображений и видео,55
ии генератор подписей,54
ai generation porn video to photo,54
ии текст генератор для постов,54
генератор бизнеса ии,54
ии генератор видео приложение,54
ии генератор поздравлений с днем рождения,54
ии генератор буклетов,54
генератор nsfw видео с ии онлайн порно,54
ии генератор мемов,53
взломанные ии генератор видео,53
ии генератор nsfw из фото в видео,53
ии генератор текста без ограничений,53
ии генератор картинок 18 бесплатно,53
ии генератор голоса онлайн,53
ии генератор аватаров,52
ии гей генератор,52
хеад до мастер генератор ии фото,52
ии фото генератор взлом,52
генератор видео ии топ,52
чат ии генератор текста,52
китайский ии генератор видео,52
ии генератор документов,51
ии генератор скачать мод,51
бесплатный ии генератор изображения в видео,50
ии генератор анимаций,50
генератор продолжения текста ии,50
онлайн генераторы на базе ии,50
ии генератор изображений на фото,50
ии генератор порно видео бесплатно без регистрации,50
ии генератор брендов,50
бесплатный генератор музыки на основе ии,50
ии генератор эссе,
ии генератор картинок онлайн бесплатно без ограничений,
ии генератор аниме по фото,
лучший ии генератор презентаций,
ии генератор превью для ютуба,
ии генератор речи,
ии генератор приложение,
ии генератор моделей,
лучший ии генератор без цензуры,
ии генератор дизайна,
ии генератор музыки на русском,
ии генератор человека,
ии онлайн генератор видео,
ии генератор этикеток,
ии генератор мышц,
ии генератор замена лица,
ии генератор цвета волос,
ии генератор задач,
лучший ии генератор голоса,
ии генератор бесплатно онлайн,
ии генератор загадок,
ии генератор какой будет ребенок,
ии генератор видео бесплатно приложение,
ии генератор блок схем,
ии генератор картинок какие есть,
ии генератор лого,
ии генератор рифмы,
ии генератор иконок,
ии генератор музыки бесплатно,
ии генератор на русском,
ии генератор видео бесплатно на русском без регистрации,
лучший ии генератор фото,
ии генератор эффектов,
ии генератор видео лучший,
ии генератор чертежей,
ии генератор чат,
ии генератор,
ии генератор фото онлайн,
ии генератор дизайна интерьера,
ии генератор лендингов,
ии генератор листовок,
ии генератор оживления фото,
ии генератор рецептов,
ии генератор картинок онлайн бесплатно приложение,
ии генератор баннеров,
ии генератор артов,
ии генератор бесплатно фото,
ии генератор цифр,
ии генератор сюжета,
ии генератор голоса на русском,
ии генератор живых картинок,
ии генератор текста,
ии генератор женского голоса,
ии чат генератор текста,
ии генератор логотипов бесплатно,
ии генератор нот,
ии генератор логотипов,
ии генератор картинок онлайн яндекс,
ии онлайн генератор картинок,
ии генератор картинок топ,
ии генератор яндекс,
ии яндекс генератор картинок,
ии генератор видео бесплатно онлайн,
ии генератор человека по фото,
ии генератор музыкальных клипов,
яндекс ии генератор текста,
ии генератор картинок шедеврум,
ии генератор картинок по тексту,
ии генератор эскизов тату,
ии генератор обложек ютуб,
ии генератор эмблем,
ии генератор шуток,
ии генератор женщин,
ии генератор ответов,
ии генератор резюме,
ии генератор картинок онлайн бесплатно яндекс,
ии генератор новогодних открыток,
ии генератор заднего фона,
ии генератор названия компании,
ии генератор историй,
ии бесплатно генератор видео,
ии генератор видео бесплатно без регистрации,
ии генератор тату эскизов,
ии генератор описания,
ии генератор картинок чат gpt,
ии генератор для видео,
ии генератор голоса по тексту бесплатно,
ии генератор леонардо,
ии генератор людей,
ии генератор экшн фигурок,
ии генератор по фото онлайн бесплатно,
ии генератор фото онлайн бесплатно,
ии генератор лого бесплатно,
ии онлайн генератор названий,
ии генератор ремонта,
ии генератор рисунков бесплатно,
ии генератор эдитов,
ии генератор звуков,
ии генератор голоса по образцу,
ии генератор картинок онлайн бесплатно телеграм,
ии генератор эскизов,
ии генератор будущего ребенка,
ии генератор шаблонов,
ии генератор сочинений,
ии генератор картинок приложение,
ии генератор диаграмм,
ии генератор докладов,
ии генератор текста без цензуры,
ии генератор онлайн,
лучший ии генератор песен,
ии генератор аниме бесплатно,
ии генератор реалистичных фото,
ии генератор музыки,
ии генератор звуков онлайн,
ии генератор картинок по фото приложение,
ии генератор аватарок бесплатно,
ии генератор картинок что это,
ии генератор шрифтов,
ии генератор как будет выглядеть ребенок,
ии генератор текстов онлайн,
ии онлайн генератор фото,
лучший ии генератор музыки,
ии генератор названий бренда,
ии генератор гифок,
ии генератор эмодзи,
лучший генератор ии,
ии генератор заставок,
ии генератор битов,
ии генератор доменов,
ии генератор картинок онлайн бесплатно топ,
ии онлайн генератор текста,
ии генератор звуковых эффектов,
ии генератор ландшафтного дизайна,
яндекс ии генератор видео,
ии генератор афиш,
ии генератор музыки по тексту бесплатно,
ии генератор ников,
ии генератор шортсов,
ии чат генератор картинок,
ии генератор голоса знаменитостей,
лучший ии генератор видео бесплатно,
ии генератор картинок по фото онлайн бесплатно,
ии генератор ответов на отзывы,
ии генератор бесплатно,
ии генератор сора 2,
ии генератор шапок для ютуба,
ии генератор картинок лучший,
ии генератор шедеврум,
ии генератор голоса бесплатно,
ии генератор дизайна сайта,
ии генератор цитат,
ии бесплатно генератор картинок,
ии генератор голоса по тексту,
ии генератор рассказов,
ии генератор картинок топ 10,
ии генератор видео топ,
ии генератор картинок онлайн бесплатно без регистрации,
ии генератор фото топ,
ии генератор историй без цензуры,
ии генератор гугл,
ии генератор случайных чисел,
ии генератор названия канала,
ии генератор изображений яндекс,
ии генератор цветовой палитры,
ии генератор открыток,
ии генератор картинок онлайн бесплатно шедеврум,
ии генератор анимации,
ии генератор отзывов,
